tau,k,lambda,area,MSE,MSER,APTK,APRK
-10,4,1e-06,0.5097,0.00880246140344837,0.00880246140344837,0.1818486493732846,0.009585092834640402
-10,4,0.0001,0.5097,0.00880258269260097,0.00880258269260097,0.18191567799450584,0.009585092834640402
-10,4,0.01,0.5097,0.008813550037323394,0.008813550037323394,0.17836316106977906,0.009585092834640402
-10,4,0.1,0.5097,0.008862344085847188,0.008862344085847188,0.1449158790803685,0.009585092834640402
-10,4,1.0,0.5097,0.008891912896077896,0.008891912896077896,0.12346672028956387,0.009585092834640402
-1,4,1e-06,0.8448,0.008283934104194162,0.009764771648977407,0.31583886319458165,0.009585092834640402
-1,4,0.0001,0.8448,0.0082844928593924,0.009758246329515248,0.3157048059521391,0.009585092834640402
-1,4,0.01,0.8448,0.008337536153738593,0.009235671051815119,0.3141631476640505,0.009585092834640402
-1,4,0.1,0.8448,0.008615855649393279,0.008621680292010886,0.250687043367518,0.009585092834640402
-1,4,1.0,0.8448,0.008853899390479598,0.008853899390479598,0.1463234801260153,0.009585092834640402
-1,1,1e-06,0.6321,0.008477443603811422,0.008865386957993927,0.28849118573630766,0.009585092834640402
-1,1,0.0001,0.6321,0.008477917044054702,0.00886341674392746,0.2882900998726439,0.009585092834640402
-1,1,0.01,0.6321,0.008522277520247994,0.008725782332964581,0.27582277632548957,0.009585092834640402
-1,1,0.1,0.6321,0.008730796511244756,0.008730796511244756,0.19344460084456339,0.009585092834640402
-1,1,1.0,0.6321,0.008874971359258061,0.008874971359258061,0.13285072726054106,0.009585092834640402
-1,16,1e-06,0.9535,0.008151065055395776,0.014662201876836692,0.32663047121120387,0.009585092834640402
-1,16,0.0001,0.9535,0.008151598232609452,0.014638248363839989,0.3268315570748677,0.009585092834640402
-1,16,0.01,0.9535,0.008202998595250487,0.012579565552669501,0.32776995777196544,0.009585092834640402
-1,16,0.1,0.9535,0.00850384767476516,0.008744495021653738,0.2923118171459195,0.009585092834640402
-1,16,1.0,0.9535,0.008824683556435845,0.008824683556435845,0.15617668744554106,0.009585092834640402
-0.001,1000,1e-06,1.0,0.008103195609759086,0.017283674356128622,0.3303170453783735,0.009585092834640402
-0.001,1000,0.0001,1.0,0.008103733572531163,0.017256006913247232,0.3303170453783735,0.009585092834640402
-0.001,1000,0.01,1.0,0.00815590127470906,0.014876145086587461,0.3306521884844796,0.009585092834640402
-0.001,1000,0.1,1.0,0.008463577860889982,0.0090985451105838,0.29586433407064633,0.009585092834640402
-0.001,1000,1.0,1.0,0.00881251767686262,0.00881251767686262,0.15765131711240885,0.009585092834640402
